KID,API,LEASE_NAME,WELL_NAME,ORIG_OPERATOR,CURR_OPERATOR,FIELD_NAME,TOWNSHIP,TOWNSHIP_DIR,RANGE,RANGE_DIR,SECTION,SPOT,SUBDIVISION_4_SMALLEST,SUBDIVISION_3,SUBDIVISION_2,SUBDIVISION_1_LARGEST,FEET_NORTH,FEET_EAST,REFERENCE_CORNER,NAD27_LONGITUDE,NAD27_LATITUDE,COUNTY,PERMIT_DATE,SPUD_DATE,COMPLETION_DATE,PLUG_DATE,WELL_TYPE,STATUS,TOTAL_DEPTH,ELEVATION,ELEVATION_REFERENCE,PRODUCING_FORMATION
"1044854175","15-163-24223","Amrein","3","Tengasco, Inc.","Tengasco, Inc.","Webster","8","S","19","W","34"," ","NE","SW","SE","SW","455","1975","SW","-99.4300287","39.3083999","Rooks","06/09/2014","07/08/2014","07/14/2014","07/14/2014","D&A","Plugged and Abandoned","3514","2005","KB","Arbuckle"
"1006124179","15-163-20513","VEVERKA","1","STERLING DRILLING CO & BEACON RESOURCES GROUP","","Webster","8","S","19","W","28"," "," ","SE","NE","NW","-1320","-2970","NE","-99.447261","39.3323909","Rooks","12/28/1973","02/09/1974","02/17/1974","02/17/1974","D&A","Plugged and Abandoned","3517","2047","KB"," "
"1044854174","15-163-24222","Stice","10","Empire Energy E&P, LLC","Empire Energy E&P, LLC","Webster","8","S","19","W","27"," ","SE","SE","NE","SW","1574","2635","SW","-99.4275836","39.3259171","Rooks","06/09/2014","","","","LOC","Cancelled API Number","","1957","GL","Arbuckle"
"1044856109","15-163-24228","Stice","9","Empire Energy E&P, LLC","Empire Energy E&P, LLC","Webster","8","S","19","W","27"," ","NE","SW","NW","SE","1622","-2021","SE","-99.4251853","39.3260451","Rooks","06/13/2014","06/26/2014","07/04/2014","07/04/2014","OIL-P&A","Plugged and Abandoned","3457","1942","KB","Arbuckle"
"1021019054","15-163-23312","Amrein","1","Zinszer Oil Co., Inc.","Production Drilling, Inc.","Webster","8","S","19","W","33"," "," ","NW","SE","SE","990","-990","SE","-99.4405088","39.3098947","Rooks","11/21/2000","12/12/2000","12/19/2000","","OIL","Producing","3436","2005","KB","Lansing-Kansas City"
"1023967598","15-163-23339","McClellan Farms","1-4","Murfin Drilling Co., Inc.","Murfin Drilling Co., Inc.","Webster","9","S","19","W","4"," ","E2","NW","SW","SE","1050","-2020","SE","-99.4442245","39.2955815","Rooks","11/20/2001","12/10/2001","12/16/2001","12/16/2001","D&A","Plugged and Abandoned","3490","1983","KB","Arbuckle, Lansing Kansas City"
"1001292239","15-163-03029","FRANK ROSTOCIL","1","SKELLY OIL CO","","Webster","9","S","19","W","4"," "," ","NE","NE","NW","4950","-2970","SE","-99.4475149","39.3062876","Rooks","","06/25/1948","07/30/1948","08/01/1961","OIL-P&A","Converted to SWD Well","3443","2011","DF"," "
"1044195705","15-163-24091","Rome","6","Production Drilling, Inc.","Production Drilling, Inc.","Webster","8","S","19","W","34"," ","E2","NW","NW","NW","-330","495","NW","-99.4352467","39.3206999","Rooks","11/20/2012","12/03/2012","12/09/2012","12/09/2012","D&A","Plugged and Abandoned","3450","1980","KB","Arbuckle"
"1042953552","15-163-23228-0001","Cerrow 'A'","8-4","Meridian Energy Inc.","Meridian Energy Inc.","Webster","9","S","19","W","4"," "," ","S2","NE","NW","4290","-3300","SE","-99.4486927","39.304473","Rooks","10/21/2010","11/09/2010","02/01/2011","","OIL","Producing","3462","2000","KB","Arbuckle"
"1044026295","15-163-23992","Veverka 'A'","3","Tengasco, Inc.","Trans Pacific Oil Corporation","Webster","8","S","19","W","27"," "," ","SE","SW","SW","330","990","SW","-99.4334755","39.3225098","Rooks","11/16/2011","12/18/2011","01/11/2012","","OIL","Producing","3494","1965","KB","Arbuckle"
"1038706945","15-163-23785","Veverka 'B'","2","Tengasco, Inc.","Trans Pacific Oil Corporation","Webster","8","S","19","W","28"," ","NW","SE","NE","SE","1650","-330","SE","-99.4380625","39.326139","Rooks","10/31/2008","11/05/2008","12/04/2008","","OIL","Producing","3436","2000","KB","Arbuckle"
"1033764449","15-163-23502","Lowry","2","Tengasco, Inc.","Trans Pacific Oil Corporation","Webster","8","S","19","W","33"," "," ","N2","SE","NW","-1650","1980","NW","-99.4484124","39.3171187","Rooks","11/30/2005","12/28/2005","01/26/2006","08/24/2022","OIL-P&A","Plugged and Abandoned","3483","2015","KB","Lansing, Arbuckle"
"1033439974","15-163-19140","DOUGHTY","1","SEELEY-BRUNEY & TWIN DRILLING CO.","","Webster","8","S","19","W","15"," "," ","SW","SW","SW","","","","-99.4353179","39.3514408","Rooks","","05/08/1934","08/22/1934","","D&A","Recompleted","3227","1991","DF"," "
"1043342148","15-163-23919","Veverka 'C'","3","Tengasco, Inc.","Trans Pacific Oil Corporation","Webster","8","S","19","W","28"," ","S2","NE","SE","NE","-1815","-330","NE","-99.4379536","39.3310698","Rooks","01/18/2011","02/07/2011","02/24/2011","","OIL","Producing","3530","2012","KB","Lansing"
"1043234376","15-163-23914","Veverka 'D'","2","Tengasco, Inc.","Trans Pacific Oil Corporation","Webster","8","S","19","W","21"," "," ","W2","E2","SE","1320","-990","SE","-99.4401316","39.3396711","Rooks","12/15/2010","01/04/2011","01/24/2011","","OIL","Producing","3513","2003","KB","Arbuckle"
"1043501336","15-163-23936","Veverka 'C'","4","Tengasco, Inc.","Tengasco, Inc.","Webster","8","S","19","W","28"," ","S2","SE","NE","NE","-1190","-330","NE","-99.4379156","39.3327865","Rooks","03/08/2011","03/18/2011","03/25/2011","03/25/2011","D&A","Plugged and Abandoned","3535","1997","KB","Arbuckle"
"1043568848","15-163-23946","Stice","2","Black Diamond Oil, Inc.","Black Diamond Oil, Inc.","Webster","8","S","19","W","27"," ","W2","SE","SE","NW","-2310","2260","NW","-99.4288235","39.3297281","Rooks","03/28/2011","04/07/2011","04/12/2011","04/12/2011","D&A","Plugged and Abandoned","3475","1969","KB","Arbuckle"
"1043805128","15-163-02893-0001","MCLELLAN","5 SWD","Zinszer Oil Co., Inc.","Production Drilling, Inc.","Webster","9","S","19","W","4"," "," ","E2","NW","NE","4613","-1653","SE","-99.4428661","39.3053201","Rooks","05/24/2011","06/27/2011","07/19/2011","","SWD","Authorized Injection Well","3655","2004","KB","Arbuckle"
"1037888919","15-163-23698","J. A. STICE","7","T-N-T Engineering, Inc.","Mai Oil Operations, Inc.","Webster","8","S","19","W","27"," ","NW","NE","SE","SW","1038","2243","SW","-99.428951","39.324458","Rooks","03/03/2008","02/21/2008","04/15/2008","","OIL","Producing","3500","1979","KB","Arbuckle, Lansing Kansas City"
"1052050792","15-163-24433","GREEN CD","1","Jaspar Co.","Jaspar Co.","Webster","8","S","19","W","22"," ","SE","NE","SW","SW","720","1050","SW","-99.4329375","39.3380435","Rooks","08/17/2021","08/27/2021","09/02/2021","09/02/2021","OIL-P&A","Plugged and Abandoned","3500","1972","KB","Arbuckle"
"1036442920","15-163-19319-0001","CERROW 'A'","2","SOUTHERN STATES OIL CO.","Trans Pacific Oil Corporation","Webster","9","S","19","W","4"," "," ","N2","SW","NW","3596","-4615","SE","-99.4533524","39.3025595","Rooks","05/07/1982","05/17/1982","05/25/1982","","SWD","Authorized Injection Well","1510","2035","KB"," "
"1039084063","15-163-23790","Green 'A'","2","Black Diamond Oil, Inc.","Jaspar Co.","Webster","8","S","19","W","27"," ","S2","E2","NE","NE","-740","-330","NE","-99.4191136","39.3340557","Rooks","12/29/2008","01/06/2009","02/10/2009","","OIL","Producing","3525","1929","KB","Arbuckle"
"1038702514","15-163-23780","Stice","1","Black Diamond Oil, Inc.","Jaspar Co.","Webster","8","S","19","W","27"," "," ","NW","NE","NW","-330","1650","NW","-99.4305145","39.33515","Rooks","10/17/2008","11/21/2008","12/11/2008","","OIL","Producing","3412","1975","KB","Arbuckle"
"1033439810","15-163-01000-0001","VEVERKA","4","R.P. NIXON OPERATIONS","R. P. Nixon Operations, Inc","Webster","8","S","19","W","27"," "," ","NE","NW","SW","2310","990","SW","-99.4333551","39.3279477","Rooks","03/13/1984","03/23/1984","03/30/1984","01/13/1986","OIL-P&A","Plugged and Abandoned","3423","1988","KB"," "
"1036442849","15-163-19318","ROSTOCIL 'B'","1","PETROLEUM, INC.","","Webster","9","S","19","W","4"," "," ","SW","NW","NW","4290","-4950","SE","-99.4545245","39.3044637","Rooks","07/29/1963","07/27/1963","08/06/1963","02/16/1966","OIL-P&A","Plugged and Abandoned","3478","2034","KB"," "
"1002942179","15-163-01119","VEVERKA","1","Bird-Boring","","Webster","8","S","19","W","27","C"," ","S2","SW","SW","330","-4620","SE","-99.434416","39.3225113","Rooks","","02/04/1946","02/19/1946","10/01/1962","D&A"," ","3408","1974","DF"," "
"1006124023","15-163-20431","CERROW","1","F & M OIL CO.","","Webster","8","S","19","W","34"," "," ","SE","NE","SW","1650","-2970","SE","-99.4286635","39.3116743","Rooks","04/17/1972","04/17/1972","04/25/1972","04/25/1972","D&A","Plugged and Abandoned","3473","1992","KB"," "
"1006124243","15-163-20546","G. VEVERKA","1","PETROLEUM INC","","Webster","8","S","19","W","34"," "," ","NW","NW","NE","4950","-2310","SE","-99.4262635","39.3207242","Rooks","10/29/1974","11/20/1974","11/29/1974","11/29/1974","D&A","Plugged and Abandoned","3415","1957","KB"," "
"1006129794","15-163-30325","VEVERKA","1","V-DO OIL COMPANY","","Webster","8","S","19","W","34"," "," ","NW","NE","SE","2190","-850","SE","-99.4211584","39.3131147","Rooks","02/04/1958","02/05/1958","02/17/1958","02/17/1958","D&A","Plugged and Abandoned","3600","2002","KB"," "
"1006126370","15-163-21643","CERROW","3","SOUTHERN STATES OIL","AFG Energy, Inc.","Webster","8","S","19","W","33"," "," ","SW","NE","SW","1650","1650","SW","-99.4496417","39.31167","Rooks","04/02/1982","04/20/1982","04/26/1982","10/16/1996","OIL-P&A","Plugged and Abandoned","3460","2014","KB","Arbuckle"
"1006124333","15-163-20592","VEVERKA","1","F & M OIL & ASSOC O & G","","Webster","8","S","19","W","28"," "," ","SE","NW","NW","-990","990","NW","-99.4518251","39.3332785","Rooks","12/11/1975","12/18/1975","12/28/1975","12/28/1975","D&A","Plugged and Abandoned","3485","2048","KB"," "
"1006124339","15-163-20595","CERROW","1","WILLIAMSON JERRY W","","Webster","8","S","19","W","33"," "," ","SW","SW","SW","330","-4950","SE","-99.4545101","39.3080247","Rooks","12/23/1975","01/09/1976","01/14/1976","01/14/1976","D&A","Plugged and Abandoned","3485","2028","KB"," "
"1006125698","15-163-21279","CERROW 'A'","1","FRONTIER OIL CO.","Lasmo Energy Corporation","Webster","9","S","19","W","4"," "," ","SW","NE","NW","4290","-3630","SE","-99.449859","39.3044712","Rooks","03/19/1981","03/27/1981","04/10/1981","08/22/1988","OIL-P&A","Plugged and Abandoned","3446","2015","KB"," "
"1037449745","15-163-23666","Veverka 'A'","2","Tengasco, Inc.","Trans Pacific Oil Corporation","Webster","8","S","19","W","27"," ","SE","NW","NW","SW","2030","660","SW","-99.4345389","39.3271805","Rooks","11/29/2007","12/05/2007","01/03/2008","","OIL","Producing","3420","1978","KB","Lansing, Arbuckle"
"1001291279","15-163-02511","STICE","1","Jones, Shelburne, and Farmer, Inc.","","Webster","8","S","19","W","27"," "," ","SW","SE","NW","2970","-3630","SE","-99.4308316","39.3297564","Rooks","","12/16/1947","01/04/1948","01/04/1948","D&A","Plugged and Abandoned","3490","1977","DF"," "
"1002942298","15-163-01000","VEVERKA","4","BIRD-BORING","","Webster","8","S","19","W","27"," "," ","NE","NW","SW","2310","990","SW","-99.4333551","39.3279477","Rooks","","04/03/1947","04/18/1947","03/31/1962","OIL-P&A","Plugged and Abandoned","3420","1988","KB"," "
"1001288759","15-163-23248","LOWRY","1","BLACK DIAMOND OIL CO","Black Diamond Oil, Inc.","Webster","8","S","19","W","16"," "," ","SW","SE","SW","330","-3300","SE","-99.4481572","39.3513745","Rooks","09/02/1994","","03/13/1995","","LOC","Expired Intent to Drill (C-1)","","2050","GL"," "
"1001291347","15-163-01421","Lowry","3","WESTGATE-GREENLAND OIL CO","Hellar Drilling Company, Inc.","Webster","8","S","19","W","33"," "," ","SE","SE","NE","2970","-330","SE","-99.4381696","39.3153424","Rooks","","11/07/1948","11/30/1948","07/18/1986","OIL-P&A","Plugged and Abandoned","3418","1988","KB"," "
"1006126057","15-163-21466","FRANK ROSTOCIL","2","SKELLY OIL CO","","Webster","8","S","19","W","33"," "," ","SE","SE","SW","330","-2970","SE","-99.4475104","39.3080533","Rooks","","07/23/1948","08/07/1948","08/10/1948","D&A","Plugged and Abandoned","3531","2014","KB"," "
"1002942283","15-163-03176","VEVERKA","3","BIRD-BOREING","","Webster","8","S","19","W","27"," "," ","S2","NW","SW","-3600","660","NW","-99.4345607","39.3261759","Rooks","","12/15/1946","12/22/1946","03/14/1962","OIL-P&A","Plugged and Abandoned","3411","1992","KB"," "
"1041345686","15-163-21207-0002","Veverka 'C'","2","Tengasco, Inc.","Trans Pacific Oil Corporation","Webster","8","S","19","W","28"," ","N2","S2","SE","NE","-2290","-660","NE","-99.4391497","39.3297603","Rooks","11/25/2009","12/03/2009","12/28/2009","","OIL","Producing","3443","2006","GL","Arbuckle"
"1001291359","15-163-08089","VEVERKA 'A'","3","PETROLEUM INC.","","Webster","8","S","19","W","34"," "," ","SW","NW","NW","4290","-4950","SE","-99.4356093","39.3189646","Rooks","","03/13/1949","04/04/1949","05/01/1949","D&A"," ","3428","1968","KB"," "
"1042203267","15-163-23862","Green 'B'","1","Black Diamond Oil, Inc.","Jaspar Co.","Webster","8","S","19","W","27"," "," ","NW","SW","NW","-1650","330","NW","-99.4355951","39.3315299","Rooks","03/31/2010","04/15/2010","05/03/2010","03/29/2023","OIL-P&A","Plugged and Abandoned","3580","2013","KB","Arbuckle"
"1043924111","15-163-23960","Green 'D'","2","Black Diamond Oil, Inc.","Jaspar Co.","Webster","8","S","19","W","22"," "," ","SE","SE","SW","341","-3005","SE","-99.4285774","39.3370287","Rooks","06/13/2011","06/20/2011","07/12/2011","","SWD","Authorized Injection Well","3737","1960","KB","Arbuckle"
"1044625648","15-163-24156","Veverka 'B'","6","Tengasco, Inc.","Trans Pacific Oil Corporation","Webster","8","S","19","W","28"," ","SE","NW","SE","SE","710","-960","SE","-99.4403474","39.3235535","Rooks","09/13/2013","09/20/2013","10/10/2013","","OIL","Producing","3554","2005","KB","Arbuckle"
"1006125480","15-163-21169","CERROW","1","FRONTIER OIL","Trans Pacific Oil Corporation","Webster","8","S","19","W","33"," ","NW","SE","NE","SW","1650","-2970","SE","-99.4475064","39.3116788","Rooks","10/09/1980","10/13/1980","02/04/1981","","OIL","Producing","3439","1995","KB"," "
"1006124667","15-163-20762","V. VEVERKA","1","AMERICAN PETROLEUM COMPANY CO INC","","Webster","8","S","19","W","27"," "," ","NW","NW","SW","-2970","330","NW","-99.4356895","39.3279044","Rooks","12/05/1977","01/23/1978","02/11/1978","","OIL","Well Drilled","3418","1989","KB"," "
"1001291234","15-163-02537","KATHERINE PETERSON","1","Natl Assoc Petr Co","","Webster","8","S","19","W","16"," "," ","NE","NE","SW","2310","2310","SW","-99.4470043","39.3568182","Rooks","06/07/1957","06/07/1957","06/20/1957","06/20/1957","D&A","Plugged and Abandoned","3565","2015","KB"," "
"1001291299","15-163-02517","VEVERKA 'A'","2","K & E DRILLING CO","","Webster","8","S","19","W","28"," "," ","SE","SW","NW","2970","-4290","SE","-99.4519848","39.3297415","Rooks","","09/24/1953","10/04/1953","10/04/1953","D&A","Plugged and Abandoned","3540","2059","KB"," "
"1001291301","15-163-01407","STICE","1","J. Davis, Harry Gore, and Veeder Co.","Novy Oil & Gas, Inc.","Webster","8","S","19","W","28"," "," ","NW","NW","SE","2310","-2310","SE","-99.4450237","39.3279403","Rooks","","10/31/1949","11/11/1949","07/31/2003","OIL-P&A","Plugged and Abandoned","3478","2039","KB"," "
"1001291303","15-163-03180","VEVERKA","6","BIRD & BORING","","Webster","8","S","19","W","28"," "," ","NE","SE","SE","990","-330","SE","-99.4381027","39.3243262","Rooks","","05/09/1947","05/30/1947","11/25/1961","OIL-P&A","Plugged and Abandoned","3420","1991","DF"," "
"1001291255","15-163-01399","Green 'B'","2","Northern Pumping Co.","","Webster","8","S","19","W","22"," "," ","NW","SW","SW","990","-4950","SE","-99.4354152","39.3387811","Rooks","","06/16/1948","08/08/1948","10/11/1961","OIL-P&A","Plugged and Abandoned","3414","1976","DF"," "
"1001291290","15-163-03177","J. A. STICE","1","STANOLIND OIL & GAS CO","Mai Oil Operations, Inc.","Webster","8","S","19","W","27"," "," ","S2","SE","SW","330","1980","SW","-99.42967","39.32251","Rooks","","04/18/1946","05/05/1946","05/11/2022","OIL-P&A","Plugged and Abandoned","3390","1955","KB"," "
"1001291298","15-163-03179","VEVERKA","8","W.H. Bird and others","","Webster","8","S","19","W","28"," "," ","SE","NE","NE","4290","-330","SE","-99.437902","39.33339","Rooks","","10/03/1947","10/22/1947","03/15/1955","OIL-P&A","Plugged and Abandoned","3458","2011","DF"," "
"1001292238","15-163-03027","FRANK ROSTOCIL","3","SKELLY OIL CO","","Webster","9","S","19","W","4"," "," ","SE","NE","NW","4290","-2970","SE","-99.4475263","39.3044749","Rooks","","09/15/1948","10/13/1948","07/04/1961","OIL-P&A","Plugged and Abandoned","3428","1998","DF"," "
"1001292242","15-163-01611","MCCLELLAN","2","WESTGATE-GREENLAND OIL CO","","Webster","9","S","19","W","4","C"," ","SW","NW","NE","4290","-2310","SE","-99.4451935","39.3044786","Rooks","","07/24/1948","08/25/1948","10/21/1969","OIL-P&A","Plugged and Abandoned","3423","1994","DF"," "
"1001292244","15-163-01612","MCCLELLAN","3","WESTGATE-GREENLAND OIL CO","Rockhold Engineering, Inc.","Webster","9","S","19","W","4"," "," ","NW","SW","NE","3630","-2310","SE","-99.4452049","39.3026659","Rooks","","09/05/1948","09/27/1948","07/05/1990","OIL-P&A","Plugged and Abandoned","3439","2008","DF"," "
"1040727219","15-163-23810","Green 'C'","1","Black Diamond Oil, Inc.","Jaspar Co.","Webster","8","S","19","W","22"," "," ","W2","SW","SW","660","330","SW","-99.4351158","39.3378587","Rooks","06/23/2009","08/05/2009","09/02/2009","","OIL","Producing","3421","1989","KB","Arbuckle"
"1043914902","15-163-01400-0002","PETERSON","1","Johnson Oil, a General Partnership","Johnson Oil, a General Partnership","Webster","8","S","19","W","22"," "," ","NW","SW","NW","3630","-4950","SE","-99.4353774","39.3460319","Rooks","06/02/2011","08/05/2011","11/01/2011","","OIL","Producing","3458","2011","KB","Arbuckle"
"1006129123","15-163-23140","Kellogg","1","H & C Oil Operating, Inc.","United Resource Technology, Inc.","Webster","8","S","19","W","22"," "," ","NE","NW","NW","4950","-4290","SE","-99.4330243","39.3496611","Rooks","01/23/1991","01/23/1991","01/30/1991","01/30/1991","D&A","Plugged and Abandoned","3490","1995","KB"," "
"1001291257","15-163-01400","PETERSON","1","W L HARTMAN","Kaiser-Francis Oil Company","Webster","8","S","19","W","22"," "," ","NW","SW","NW","3630","-4950","SE","-99.4353774","39.3460319","Rooks","","11/21/1947","12/17/1947","11/20/1986","OIL-P&A","Plugged and Abandoned","3456","2004","DF"," "
"1001291253","15-163-01398","Green 'B'","1","W L HARTMAN","Kaiser-Francis Oil Company","Webster","8","S","19","W","22"," "," ","SW","SW","SW","330","-4950","SE","-99.4354246","39.3369683","Rooks","","07/06/1947","07/31/1947","09/20/1989","OIL-P&A","Plugged and Abandoned","3415","1987","KB"," "
"1001286865","15-163-21334","PETERSON","5","H & H OIL CO","","Webster","8","S","19","W","22"," "," ","NW","NW","NW","4950","-4950","SE","-99.4353584","39.3496573","Rooks","06/11/1981","","10/21/1982","","LOC","Expired Intent to Drill (C-1)","","",""," "
"1006129298","15-163-23228","Cerrow 'A'","8-4","AFG Energy","AFG Energy, Inc.","Webster","9","S","19","W","4"," "," ","S2","NE","NW","4290","-3300","SE","-99.4486927","39.304473","Rooks","06/21/1993","07/13/1993","09/07/1993","10/16/1996","OIL-P&A","Plugged and Abandoned","3458","2012","KB","Arbuckle"
"1006125185","15-163-21020","STICE","2","ABERCROMBIE A L","","Webster","8","S","19","W","21"," "," ","NW","SE","NW","-1650","1650","NW","-99.4495324","39.3459298","Rooks","12/21/1979","03/23/1980","03/31/1980","04/01/1980","D&A","Plugged and Abandoned","3520","2042","KB"," "
"1052053385","15-163-24435","J.A. STICE","12","Mai Oil Operations, Inc.","Mai Oil Operations, Inc.","Webster","8","S","19","W","27"," ","NW","SE","NW","SE","1925","-1672","SE","-99.4239417","39.3268753","Rooks","08/27/2021","09/13/2021","10/14/2021","","OIL","Producing","3402","1965","KB","Arbuckle"
"1001292235","15-163-02770","FRANK ROSTOCIL","4","SKELLY OIL CO","","Webster","9","S","19","W","4"," "," ","NE","SE","NW","3630","-2970","SE","-99.4475377","39.3026622","Rooks","","10/06/1948","10/18/1948","10/22/1948","D&A","Plugged and Abandoned","3583","2016","DF"," "
"1001292243","15-163-01613","MCCLELLAN 'A'","4","WESTGATE-GREENLAND OIL CO.","","Webster","9","S","19","W","4"," "," ","NW","NE","NE","-330","-990","NE","-99.4405176","39.3062693","Rooks","","11/22/1948","12/02/1948","10/23/1980","OIL-P&A","Plugged and Abandoned","3402","1971","DF"," "
"1001291341","15-163-01420","Fidelis","7","Phillips Petr Co","Phillips Petroleum Co.","Webster","8","S","19","W","33"," "," ","NE","SE","SE","990","-330","SE","-99.4381756","39.3099043","Rooks","","08/18/1951","10/04/1951","07/18/1990","OIL-P&A","Plugged and Abandoned","3424","1991","KB"," "
"1001291343","15-163-02997","LOWRY","1","B & R DRLG CO","","Webster","8","S","19","W","33"," "," ","NW","SE","NE","3630","-990","SE","-99.4405007","39.3171456","Rooks","","05/16/1951","05/29/1951","10/27/1952","OIL-P&A","Plugged and Abandoned","3447","2006","KB"," "
"1001291349","15-163-02690","MORRIS VEVERKA","2","Sinclair Prairie Oil Co.","","Webster","8","S","19","W","34"," "," ","N2","NE","NW","4950","-3300","SE","-99.4297631","39.3207441","Rooks","","06/09/1946","07/09/1946","08/01/1949","OIL-P&A","Converted to SWD Well","3416","1949","DF"," "
"1001291358","15-163-01423","VEVERKA 'A'","1","PETROLEUM INC","Petroleum Inc","Webster","8","S","19","W","34"," "," ","SW","SW","NW","2970","-4950","SE","-99.435636","39.3153393","Rooks","","10/14/1948","10/27/1948","03/16/1984","OIL-P&A","Plugged and Abandoned","3382","1958","KB"," "
"1001292233","15-163-02892","MCCLELLAN","1","EL DORADO REFINING CO","","Webster","9","S","19","W","4","C"," ","SE","NE","SW","1650","-2970","SE","-99.4475719","39.297224","Rooks","09/19/1956","09/19/1956","09/28/1956","09/29/1956","D&A","Plugged and Abandoned","3472","1991","KB"," "
"1006129696","15-163-30197","ONDRASEK","1","PICKRELL DRILLING CO.","","Webster","9","S","19","W","5"," "," ","SE","NE","NE","4290","-330","SE","-99.4567861","39.3044381","Rooks","09/06/1966","09/04/1966","09/11/1966","09/11/1966","D&A","Plugged and Abandoned","3507","2043","KB"," "
"1006125936","15-163-21405","MCCLELLAN","2","LIBERTY ENTERPRISES, INC.","Christa Oil Company","Webster","9","S","19","W","4"," "," ","NW","SE","SE","990","-990","SE","-99.440585","39.2954225","Rooks","08/14/1981","09/10/1981","11/27/1981","03/30/1989","SWD-P&A","Plugged and Abandoned","3619","2026","KB"," "
"1001291339","15-163-01417","Fidelis","4","Phillips Petr Co","Phillips Petroleum Co.","Webster","8","S","19","W","33"," "," ","NE","NE","SE","2310","-330","SE","-99.4381716","39.3135297","Rooks","","04/24/1949","06/15/1949","07/18/1990","OIL-P&A","Plugged and Abandoned","3414","1982","KB"," "
"1001291346","15-163-01419","Fidelis","6","Phillips Petr Co","Phillips Petroleum Co.","Webster","8","S","19","W","33"," "," ","SW","NE","SE","1650","-990","SE","-99.4405068","39.3117074","Rooks","","06/06/1951","07/30/1951","07/18/1990","OIL-P&A","Plugged and Abandoned","3429","1995","KB"," "
"1001291348","15-163-02534","VEVERKA","1","MUSGROVE PETR CORP","","Webster","8","S","19","W","34"," "," ","SE","NE","NE","4290","-330","SE","-99.4192776","39.3188717","Rooks","","05/11/1951","05/22/1951","05/22/1951","D&A","Plugged and Abandoned","3509","1995","KB"," "
"1036126885","15-163-01613-0001","MCCLELLAN 'A'","4","Zinszer Oil Co., Inc.","Zinszer Oil Co., Inc.","Webster","9","S","19","W","4"," "," ","NW","NE","NE","-330","-990","NE","-99.4405176","39.3062693","Rooks","10/20/2006","","","","LOC","Expired Intent to Drill (C-1)","","1964","GL","Arbuckle"
"1044044352","15-163-23998","Holmes","1","Meridian Energy Inc.","Meridian Energy Inc.","Webster","9","S","19","W","4"," "," ","SE","SE","NW","-2210","2210","NW","-99.4478746","39.3010757","Rooks","12/28/2011","01/23/2012","08/24/2012","","OIL","Producing","3486","2014","KB","Arbuckle"
"1044063550","15-163-24005","Stice","8","Novy Oil & Gas, Inc.","Novy Oil & Gas, Inc.","Webster","8","S","19","W","28"," "," ","SE","NW","SE","1650","-1650","SE","-99.44273","39.3261313","Rooks","02/08/2012","03/30/2012","04/30/2012","","OIL","Producing","3463","2020","KB","Arbuckle"
"1044075105","15-163-24014","Zerger 'A'","1","Tengasco, Inc.","Trans Pacific Oil Corporation","Webster","8","S","19","W","21"," ","W2","E2","E2","NE","-1320","-495","NE","-99.43829","39.3468909","Rooks","03/02/2012","03/31/2012","04/18/2012","","OIL","Producing","3532","2004","KB","Arbuckle"
"1044067010","15-163-24010","Veverka 'C'","6","Tengasco, Inc.","Trans Pacific Oil Corporation","Webster","8","S","19","W","28"," "," ","NE","NE","NE","-330","-330","NE","-99.4378633","39.3351488","Rooks","02/21/2012","03/13/2012","04/16/2012","","OIL","Producing","3555","2011","KB","Arbuckle"
"1031992310","15-163-01005","VEVERKA","1","R.P. NIXON OPERATIONS","","Webster","8","S","19","W","27"," "," ","S2","SW","SW","330","660","SW","-99.4346423","39.3225116","Rooks","","02/04/1946","02/19/1946","10/28/1962","OIL-P&A","Plugged and Abandoned","3409","1974","DF"," "
"1043342149","15-163-23920","Veverka 'B'","4","Tengasco, Inc.","Trans Pacific Oil Corporation","Webster","8","S","19","W","28"," ","E2","W2","NE","SE","1980","-960","SE","-99.4402701","39.3270417","Rooks","01/18/2011","02/15/2011","03/04/2011","","OIL","Producing","3525","2006","KB","Arbuckle"
"1044591482","15-163-24137","Zerger 'A'","2","Tengasco, Inc.","Tengasco, Inc.","Webster","8","S","19","W","21"," "," ","E2","NE","NE","-660","-330","NE","-99.4377463","39.3487389","Rooks","08/06/2013","09/11/2013","09/27/2013","04/03/2019","OIL-P&A","Plugged and Abandoned","3550","2013","KB","Arbuckle"
"1001291302","15-163-03182","VEVERKA","9","W. H. Bird and Glen W. Peel","","Webster","8","S","19","W","28"," "," ","NW","NE","SE","2310","-990","SE","-99.4403561","39.3279479","Rooks","","12/06/1948","12/18/1948","07/06/1960","OIL-P&A","Plugged and Abandoned","3485","2014","DF"," "
"1001291357","15-163-02726","CERROW","1","UNITED DRLG CO","","Webster","8","S","19","W","34"," "," ","W2","NW","SW","1320","-4950","SE","-99.4356695","39.3108078","Rooks","","05/25/1954","06/02/1954","06/02/1954","D&A","Plugged and Abandoned","3440","1980","KB"," "
"1005723386","15-163-02584","VEVERKA","1","GEO. SIEGRIST","","Webster","8","S","19","W","21"," "," ","NE","SE","SE","990","-330","SE","-99.4378087","39.3387744","Rooks","","12/21/1953","01/04/1954","06/10/1954","OIL-P&A","Plugged and Abandoned","3434","1998","KB"," "
"1006123805","15-163-20322","Stice","1","Abercrombie Drlg","Production Drilling, Inc.","Webster","8","S","19","W","21"," "," ","SW","SE","NW","2970","-3630","SE","-99.4494113","39.3441646","Rooks","08/21/1970","08/24/1970","09/04/1970","08/25/1998","OIL-P&A","Plugged and Abandoned","3505","2052","KB"," "
"1001291274","15-163-03663","J. A. STICE","4","STANOLIND OIL & GAS CO","Mai Oil Operations, Inc.","Webster","8","S","19","W","27"," "," ","NW","NE","SW","2310","1650","SW","-99.431072","39.327899","Rooks","","04/19/1947","05/15/1947","","OIL","Producing","3381","1956","DF"," "
"1005723419","15-163-01403","GREEN","1","HARTMAN W L","","Webster","8","S","19","W","27"," "," ","SE","SW","NW","2970","-4290","SE","-99.4331652","39.3297601","Rooks","","02/08/1947","02/22/1947","","OIL","Well Drilled","3422","1985","KB"," "
"1045369771","15-163-02690-0002","VEVERKA","2","Empire Energy E&P, LLC","Mai Oil Operations, Inc.","Webster","8","S","19","W","34"," "," ","N2","NE","NW","4974","-3394","SE","-99.4298548","39.3207803","Rooks","","","","","SWD","Authorized Injection Well","3800","1949","GL"," "
"1006126111","15-163-21494","VEVERKA","1","HIGH PLAINS OIL EXPL","","Webster","8","S","19","W","28"," "," ","SW","NE","NW","4290","-3630","SE","-99.4495708","39.3333709","Rooks","11/13/1981","01/26/1982","05/27/1982","","OIL","Inactive Well","3546","2056","KB","Arbuckle"
"1002941287","15-163-00269","VEVERKA","1","POLHAMUS ETAL","","Webster","8","S","19","W","28"," "," ","NW","NW","NW","-330","330","NW","-99.454167","39.3350815","Rooks","","07/26/1945","08/26/1945","09/06/1945","OIL-P&A","Plugged and Abandoned","3493","2043","KB"," "
"1006125594","15-163-21228","VEVERKA 'B'","1","JAY ENERGY DEV","","Webster","8","S","19","W","28","C"," "," ","SE","NW","3300","-3300","SE","-99.4484641","39.3306537","Rooks","01/12/1981","03/20/1981","03/29/1981","03/29/1981","D&A","Plugged and Abandoned","3530","2053","KB"," "
"1002941084","15-163-00080","F. VEVERKA 'A'","1","SHELL OIL CO.","Kaiser-Francis Oil Company","Webster","8","S","19","W","21"," "," ","NW","SE","SE","990","-990","SE","-99.440143","39.3387647","Rooks","","08/02/1946","09/05/1946","11/20/1986","OIL-P&A","Plugged and Abandoned","3451","2008","DF"," "
"1006125430","15-163-21143","VEVERKA","1","JAY ENERGY DEV","","Webster","8","S","19","W","21"," "," ","NE","SW","SE","990","-1650","SE","-99.4424773","39.3387551","Rooks","08/07/1980","08/27/1980","09/05/1980","09/05/1980","D&A","Plugged and Abandoned","3484","2004","KB"," "
"1001291291","15-163-01405","Green 'A'","3","W.L. Hartman","Black Diamond Oil, Inc.","Webster","8","S","19","W","27"," "," ","W2","SW","NW","3311","-5081","SE","-99.4356653","39.3306594","Rooks","","07/28/1947","08/17/1947","10/29/2008","OIL-P&A","Plugged and Abandoned","3433","2007","KB"," "
"1038101631","15-163-23728","GREEN 'A'","1","BLACK DIAMOND OIL COMPANY","Jaspar Co.","Webster","8","S","19","W","27"," ","SW","NE","NW","NW","-490","860","NW","-99.433313","39.3347095","Rooks","05/20/2008","06/17/2008","07/02/2008","","OIL","Producing","3430","1992","KB","Arbuckle"
"1036442892","15-163-19320","ROSTOCIL 'B'","3","PETROLEUM, INC.","","Webster","9","S","19","W","4"," "," ","NE","NW","NW","4950","-4290","SE","-99.4521804","39.3062802","Rooks","11/08/1963","11/07/1963","11/11/1963","11/11/1963","D&A","Plugged and Abandoned","3190","2022","KB"," "
"1001292231","15-163-03032","MCCLELLAN 'C'","1","WESTGATE-GREENLAND OIL CO","","Webster","9","S","19","W","4","C"," ","NE","NE","SW","2310","-2970","SE","-99.4475605","39.2990367","Rooks","","06/27/1949","07/07/1949","04/29/1953","OIL-P&A","Plugged and Abandoned","3429","1997","DF"," "
"1001292229","15-163-03028","FRANK ROSTOCIL","7","SKELLY OIL CO","","Webster","9","S","19","W","4"," "," ","NW","SE","NW","3630","-3300","SE","-99.448704","39.3026603","Rooks","","04/09/1949","05/01/1949","03/22/1956","OIL-P&A","Plugged and Abandoned","3456","2021","DF"," "
"1036442863","15-163-19319","ROSTICAL 'B'","2","PETROELUM, INC.","","Webster","9","S","19","W","4"," "," ","N2","SW","NW","3630","-4620","SE","-99.4533695","39.3026529","Rooks","08/23/1963","08/22/1963","08/31/1963","08/31/1963","D&A","Plugged and Abandoned","3491","2035","KB"," "
"1036442867","15-163-00152-0001","MCCLELLAN 'A'","1","WHITE HAWK OIL CO.","","Webster","9","S","19","W","4"," "," ","NW","NW","NE","4950","-2310","SE","-99.4451822","39.3062914","Rooks","01/17/1980","01/12/1980","01/12/1980","11/19/1998","OIL-P&A","KCC Fee Fund Plugging","3449","2008","KB"," "
"1001291246","15-163-03172","Veverka","1","Northern Pump Co","Kaiser-Francis Oil Company","Webster","8","S","19","W","21"," "," ","SE","SE","SE","330","-330","SE","-99.4378317","39.3369616","Rooks","","07/30/1948","08/19/1948","11/20/1986","OIL-P&A","Plugged and Abandoned","3437","2002","DF"," "
"1033661943","15-163-21003-0001","Stice","3","Stice Oil","Novy Oil & Gas, Inc.","Webster","8","S","19","W","28"," "," ","NE","NW","SE","2412","-1597","SE","-99.4422451","39.3282305","Rooks","","03/15/1983","03/15/1983","","SWD","Authorized Injection Well","3453","2026","KB"," "
"1001292246","15-163-02952","ONDRASEK 'A'","1","HEATHMAN & CO., ET AL","","Webster","9","S","19","W","5","C"," ","NE","NE","NE","4950","-330","SE","-99.4567497","39.3062517","Rooks","","01/23/1952","02/01/1952","02/23/1952","D&A","Plugged and Abandoned","3492","2042","KB"," "
"1044643480","15-163-24162","Veverka 'D'","3","Tengasco, Inc.","Trans Pacific Oil Corporation","Webster","8","S","19","W","21"," ","SE","NW","NW","SE","1990","-1990","SE","-99.4436451","39.3414968","Rooks","11/04/2013","11/11/2013","12/19/2013","","OIL","Producing","3570","2024","KB","Arbuckle"
"1001292230","15-163-01614","MCCLELLAN","6","WESTGATE GREENLAND OIL","","Webster","9","S","19","W","4","C"," ","S2","SW","NE","2970","-1980","SE","-99.44405","39.3008551","Rooks","","01/15/1949","02/10/1949","06/21/1953","OIL-P&A","Plugged and Abandoned","3416","1983","KB"," "
"1033439846","15-163-03176-0002","VEVERKA","2-SWD","R P NIXON OPERATIONS","R. P. Nixon Operations, Inc","Webster","8","S","19","W","27"," "," ","S2","NW","SW","-3600","660","NW","-99.4345607","39.3261759","Rooks","","05/29/1980","07/30/1984","01/13/1986","SWD-P&A","Plugged and Abandoned","1350","1992","KB"," "
"1006125553","15-163-21207","VEVERKA","1","American Petr Co Inc","R. P. Nixon Operations, Inc","Webster","8","S","19","W","28","C"," ","S2","SE","NE","","","","-99.4391279","39.3297306","Rooks","12/15/1980","01/06/1981","01/13/1981","01/13/1986","OIL-P&A","Plugged and Abandoned","3443","2017","KB","Arbuckle"
"1001291282","15-163-01404","Green 'A'","2","W.L. Hartman","Black Diamond Oil, Inc.","Webster","8","S","19","W","27"," "," ","NW","NW","NW","4973","-5063","SE","-99.4356019","39.3352185","Rooks","","07/18/1947","08/06/1947","09/22/2008","OIL-P&A","Plugged and Abandoned","3434","1775","KB"," "
"1044881822","15-163-24242","APO-Lowry","14","American Patriot Oil LLC","American Patriot Oil LLC","Webster","8","S","19","W","16"," ","E2","SE","SW","SW","330","1050","SW","-99.4516388","39.3513576","Rooks","07/31/2014","09/19/2014","09/26/2014","09/26/2014","OIL-P&A","Plugged and Abandoned","3580","2045","KB","Arbuckle, Lansing Kansas City"
"1002941141","15-163-00132","Lowry","1","WESTGATE-GREENLAND OIL CO","","Webster","8","S","19","W","33"," "," ","SW","SW","NE","","","","-99.445053","39.3152788","Rooks","","07/05/1948","07/31/1948","09/20/1956","OIL-P&A","Plugged and Abandoned","3455","2012","DF"," "
"1044792830","15-163-24196","Stice","8","Empire Energy E&P, LLC","Mai Oil Operations, Inc.","Webster","8","S","19","W","27"," ","NE","SE","SE","SW","400","2400","SW","-99.4284859","39.3226941","Rooks","03/13/2014","04/16/2014","04/23/2014","","OIL","Producing","3389","1958","KB","Arbuckle"
"1002941298","15-163-00276","VEVERKA","1","BARNETT DRLG","","Webster","8","S","19","W","28"," "," ","SW","SW","SW","330","330","SW","-99.4541131","39.3224873","Rooks","","10/24/1950","11/06/1950","11/06/1950","D&A","Plugged and Abandoned","3568","2058","KB"," "
"1038039021","15-163-23720","Veverka 'B'","1","Tengasco, Inc.","Trans Pacific Oil Corporation","Webster","8","S","19","W","28"," ","NW","NE","NE","SE","2310","-330","SE","-99.4380224","39.3279518","Rooks","04/30/2008","05/27/2008","07/03/2008","","OIL","Producing","3434","1999","KB","Arbuckle"
"1028645952","15-163-19053-0001","FRANK ROSTOCIL","5","SKELLY OIL","","Webster","9","S","19","W","4"," "," ","SE","SE","NW","2970","-2970","SE","-99.4475491","39.3008495","Rooks","","01/01/1956","01/18/1956","06/01/1961","OIL-P&A"," ","3446","2011","GL"," "
"1006125492","15-163-21176","STICE","5","John B. Collins","Novy Oil & Gas, Inc.","Webster","8","S","19","W","28"," "," ","N2","SW","SE","1300","-1790","SE","-99.4432464","39.3251692","Rooks","10/23/1980","11/11/1980","11/15/1980","05/28/2003","OIL-P&A","Plugged and Abandoned","3464","2027","KB"," "
"1001291297","15-163-03181","VEVERKA","7","BIRD & BORING","","Webster","8","S","19","W","28"," "," ","SE","SE","NE","2970","-330","SE","-99.4379822","39.3297645","Rooks","","06/19/1947","06/29/1947","11/05/1961","OIL-P&A","Plugged and Abandoned","3454","2011","KB"," "
"1044067009","15-163-24009","Veverka 'A'","4","Tengasco, Inc.","Trans Pacific Oil Corporation","Webster","8","S","19","W","27"," ","N2","SW","SW","SW","430","330","SW","-99.4358031","39.3227881","Rooks","02/21/2012","03/06/2012","03/23/2012","","OIL","Producing","3500","1971","KB","Arbuckle"
"1006125813","15-163-21340","CERROW","2","FRONTIER OIL","AFG Energy, Inc.","Webster","8","S","19","W","33"," "," ","NE","NE","SW","2310","2310","SW","-99.4472719","39.3134924","Rooks","06/11/1981","06/14/1981","07/10/1981","10/16/1996","OIL-P&A","Plugged and Abandoned","3460","2015","KB"," "
"1037335806","15-163-23652","Veverka 'A'","1","Tengasco, Inc.","Trans Pacific Oil Corporation","Webster","8","S","19","W","27"," "," "," ","W2","SW","1155","660","SW","-99.4345922","39.3247774","Rooks","10/02/2007","10/11/2007","11/16/2007","","OIL","Producing","3424","1990","KB","Lansing, Arbuckle"
"1006126925","15-163-21957","KELLOGG","1","A & M OIL","A & M Oil, Inc.","Webster","8","S","19","W","27"," ","W2","NE","NW","NE","-330","-1659","NE","-99.4238008","39.3351742","Rooks","02/07/1983","02/17/1983","02/24/1983","02/24/1983","D&A","Plugged and Abandoned","3426","1950","GL"," "
"1006129650","15-163-30174","JEFFREY","1","RAINS & WILLIAMSON OIL CO","","Webster","8","S","19","W","27"," "," ","SW","SW","NE","2970","-2310","SE","-99.4261643","39.329749","Rooks","03/21/1966","03/21/1966","03/29/1966","03/29/1966","D&A","Plugged and Abandoned","3379","1946","KB"," "
"1026601391","15-163-23358","JOHNSON","1","Johnson Oil Company","Johnson Oil, a General Partnership","Webster","8","S","19","W","22"," "," ","SW","SW","NW","2970","330","SW","-99.4354057","39.3442191","Rooks","10/02/2002","10/07/2002","10/14/2002","10/14/2002","D&A","Plugged and Abandoned","3500","2009","KB","Arbuckle"
"1042375513","15-163-23869","Stice","6","Novy Oil & Gas, Inc.","Novy Oil & Gas, Inc.","Webster","8","S","19","W","28"," ","SE","NW","NW","SE","2190","-2185","SE","-99.444589","39.3276114","Rooks","05/17/2010","06/09/2010","06/28/2010","","OIL","Producing","3560","2028","GL","Arbuckle"
"1041765144","15-163-23847","Veverka 'D'","1","Tengasco, Inc.","Tengasco, Inc.","Webster","8","S","19","W","21"," ","W2","E2","SE","SE","660","-610","SE","-99.4388105","39.3378639","Rooks","01/19/2010","08/03/2010","08/11/2010","08/12/2010","D&A","Plugged and Abandoned","3500","1988","KB","Arbuckle"
"1001291277","15-163-03178","J. A. STICE","2","STANOLIND OIL & GAS CO","Mai Oil Operations, Inc.","Webster","8","S","19","W","27"," "," ","NW","SE","SW","990","1650","SW","-99.431114","39.324297","Rooks","","11/23/1946","12/08/1946","","OIL","Producing","3405","1982","DF"," "
"1001291289","15-163-03664","J. A. STICE","5","STANOLIND OIL & GAS CO","Mai Oil Operations, Inc.","Webster","8","S","19","W","27"," "," ","NW","SW","SE","990","-2310","SE","-99.42616","39.32431","Rooks","","05/29/1947","06/25/1947","","OIL","Producing","3396","1970","DF"," "
"1038456369","15-163-23762","Veverka 'C'","1","Tengasco, Inc.","Trans Pacific Oil Corporation","Webster","8","S","19","W","28"," ","NW","SW","SE","NE","2990","-1043","SE","-99.4402972","39.3298102","Rooks","08/22/2008","08/27/2008","09/22/2008","","SWD","Authorized Injection Well","3848","2017","KB","Arbuckle"
"1040792861","15-163-30174-0002","Jeffrey","1","Black Diamond Oil, Inc.","Jaspar Co.","Webster","8","S","19","W","27"," "," ","SW","SW","NE","-2310","-2310","NE","-99.4258146","39.3297209","Rooks","07/01/2009","07/30/2009","09/03/2009","04/10/2017","OIL-P&A","Plugged and Abandoned","3485","1945","KB","Arbuckle"
"1001291280","15-163-01406","Green 'A'","4","W.L. Hartman","","Webster","8","S","19","W","27"," "," ","SW","NW","NW","4290","-4950","SE","-99.4354569","39.3333891","Rooks","","07/21/1948","08/15/1948","05/14/1949","OIL-P&A","Plugged and Abandoned","3447","1995","DF"," "
"1033661873","15-163-02690-0001","VERERKA","2","QUINOCO PETROLEUM","Empire Energy E&P, LLC","Webster","8","S","19","W","34"," "," ","N2","NE","NW","4974","-3394","SE","-99.4298057","39.3207306","Rooks","","03/30/1949","04/13/1949","","SWD","Recompleted","3800","1949","GL"," "
"1033661887","15-163-19151","SILVERS","1","AYLWARD; ET AL","","Webster","8","S","19","W","21"," "," "," "," ","NE","","","","-99.441247","39.3468867","Rooks","","05/07/1930","11/12/1930","","OIL","Recompleted","3445","2012","DF"," "
"1033661897","15-163-19154","PETERSON","4","NORTHERN PUMP CO.","","Webster","8","S","19","W","22"," "," ","SE","NW","NW","","","","-99.4330274","39.3478347","Rooks","","04/07/1948","12/03/1948","06/09/1951","OIL-P&A","Plugged and Abandoned","3428","1974","DF"," "
"1033661905","15-163-19157","VEVERKA","10","MORGENSTERN & SPECTER","","Webster","8","S","19","W","28"," "," ","SE","SW","NE","","","","-99.4425957","39.3297201","Rooks","","10/27/1954","12/10/1954","07/13/1962","OIL-P&A","Plugged and Abandoned","3478","2035","KB"," "
"1038462350","15-163-23763","Zerger","1","Tengasco, Inc.","Trans Pacific Oil Corporation","Webster View","8","S","19","W","21"," ","NE","SE","SW","NW","-2145","1155","NW","-99.4512791","39.3445617","Rooks","08/28/2008","09/10/2008","11/14/2008","","OIL","Producing","3476","2035","KB","Lansing, Arbuckle"
"1044640274","15-163-20447-0002","Kellogg","2","Johnson Oil","Johnson Oil, a General Partnership","Webster","8","S","19","W","22"," ","NW","SW","SE","SE","335","-1105","SE","-99.4214759","39.3370291","Rooks","","09/02/2013","10/16/2013","","SWD","Authorized Injection Well","1362","5","KB","Cedar Hills"
"1023732786","15-163-01400-0001","PETERSON","1","Johnson Oil, a General Partnership","Johnson Oil, a General Partnership","Webster","8","S","19","W","22"," "," ","NW","SW","NW","3630","-4950","SE","-99.4353774","39.3460319","Rooks","08/21/2001","08/26/2001","10/18/2001","12/30/2002","OIL-P&A","Plugged and Abandoned","3458","2006","KB","Arbuckle"
"1042541710","15-163-23881","Rome","5","Production Drilling, Inc.","Production Drilling, Inc.","Webster","8","S","19","W","34"," ","NW","NW","SW","NW","-1600","330","NW","-99.435834","39.3172127","Rooks","06/15/2010","06/16/2010","07/02/2014","","OIL","Inactive Well","3475","1972","KB","Arbuckle, Lansing Kansas City"
"1044735488","15-163-24171","Johnson 3","22-1","Johnson Oil","Johnson Oil, a General Partnership","Webster","8","S","19","W","22"," ","NE","NW","NE","SW","2550","1770","SW","-99.4303275","39.3430737","Rooks","12/20/2013","01/09/2014","03/15/2014","","OIL","Producing","3450","1978","KB","Arbuckle"
"1026650607","15-163-23361","JOHNSON","2","Johnson Oil","Johnson Oil, a General Partnership","Webster","8","S","19","W","22"," "," ","SE","NW","NW","-1020","900","NW","-99.4333445","39.3477467","Rooks","10/25/2002","11/09/2002","11/17/2002","12/30/2002","OIL-P&A","Plugged and Abandoned","3449","1985","KB","Arbuckle"
"1033439984","15-163-19144","J. A. STICE","3","STANOLIND OIL & GAS CO","","Webster","8","S","19","W","27"," "," ","S2","NE","SW","","","","-99.4298244","39.3261207","Rooks","","02/26/1947","03/17/1947","12/01/1972","OIL","Recompleted","3405","1977","DF"," "
"1033439990","15-163-19146","VEVERKA","1","BARNETT OIL COMPANY; ET AL","","Webster","8","S","19","W","27"," "," ","NW","SE","SE","","","","-99.4215988","39.3243033","Rooks","","11/29/1950","12/17/1950","02/10/1953","OIL-P&A","Plugged and Abandoned","3382","1942","KB"," "
"1044053440","15-163-24002","Veverka 'C'","5","Tengasco, Inc.","Trans Pacific Oil Corporation","Webster","8","S","19","W","28"," ","S2","NW","SE","NE","-1815","-990","NE","-99.440288","39.3310602","Rooks","01/19/2012","02/08/2012","02/29/2012","","OIL","Producing","3530","2000","KB","Arbuckle"
"1038702525","15-163-23781","Lowry","1","Black Diamond Oil, Inc.","Jaspar Co.","Webster","8","S","19","W","27"," ","NE","SW","NE","SE","1880","-960","SE","-99.4210155","39.3267388","Rooks","10/17/2008","11/29/2008","02/16/2009","","OIL","Producing","3388","1953","KB","Arbuckle"
"1041869743","15-163-23852","Veverka 'B'","3","Tengasco, Inc.","Trans Pacific Oil Corporation","Webster","8","S","19","W","28"," "," ","E2","SE","SE","660","-330","SE","-99.4381227","39.3234198","Rooks","02/04/2010","02/18/2010","03/08/2010","","OIL","Producing","3490","1995","KB","Arbuckle"
"1037349083","15-163-23664","McClellan","1","Zinszer Oil Co., Inc.","Production Drilling, Inc.","Webster","9","S","19","W","4"," "," ","S2","NE","NE","-910","-536","NE","-99.4389226","39.3046828","Rooks","11/07/2007","11/15/2007","11/21/2007","","OIL","Producing","3417","1981","KB","Toronto"
"1001291335","15-163-02406","Lowry","2","WESTGATE-GREENLAND OIL CO","","Webster","8","S","19","W","33"," "," ","SW","SE","NW","2970","-3630","SE","-99.4498356","39.3152946","Rooks","","08/08/1948","08/20/1948","10/19/1948","OIL-P&A","Plugged and Abandoned","3490","2009","KB"," "
"1001291344","15-163-02592","LOWRY","1","CHRISTIE/STEWART DRLG CO","","Webster","8","S","19","W","33"," "," ","NW","NW","NE","4950","-2310","SE","-99.4451631","39.3207519","Rooks","03/07/1963","03/05/1963","03/14/1963","03/14/1963","D&A","Plugged and Abandoned","3467","2014","KB"," "
"1037449783","15-163-01418-0002","FIDELIS","5","Phillips Petroleum Co.","Phillips Petroleum Co.","Webster","8","S","19","W","33"," "," ","NE","NW","SE","","","","-99.4427657","39.3134809","Rooks","","","","","SWD","UIC Application Withdrawn","","",""," "
"1044593686","15-163-24142","McClellan","2","Zinszer Oil Co., Inc.","Production Drilling, Inc.","Webster","9","S","19","W","4"," "," ","W2","W2","NE","-1320","-2310","NE","-99.4452012","39.303531","Rooks","08/15/2013","08/16/2013","10/02/2013","","OIL","Producing","3434","2001","KB","Arbuckle"
"1044624521","15-163-23201-0001","Amrein","2","Zinszer Oil Co., Inc.","Production Drilling, Inc.","Webster","8","S","19","W","33"," ","NW","SE","NW","SE","1710","-1860","SE","-99.4435822","39.3118596","Rooks","09/10/2013","10/01/2013","10/30/2013","","OIL","Producing","3445","1996","KB","Arbuckle"
"1001291295","15-163-02480","VEVERKA ESTATE","1","W L HARTMAN, B B BLAIR, L F ROONEY","","Webster","8","S","19","W","28","C"," ","N2","NE","NE","4950","-660","SE","-99.4390287","39.3352009","Rooks","","04/01/1941","04/16/1941","12/13/1944","OIL-P&A","Plugged and Abandoned","3586","2018","DF"," "
"1045093318","15-163-24309","Amrein","3","Zinszer Oil Co., Inc.","Production Drilling, Inc.","Webster","8","S","19","W","33"," "," ","NW","SW","SE","990","-2310","SE","-99.4451752","39.3098756","Rooks","10/19/2015","10/29/2015","11/05/2015","","OIL","Producing","3436","2002","KB","Arbuckle"
"1002941539","15-163-00503","VEVERKA","1","GEORGE P. VYE","","Webster","8","S","19","W","28"," "," ","NW","SE","NW","","","","-99.4495241","39.3315012","Rooks","","03/20/1953","04/01/1953","08/15/1956","OIL-P&A","Plugged and Abandoned","3491","2056","KB"," "
"1006125152","15-163-21003","STICE","3","John B. Collins","","Webster","8","S","19","W","28"," "," ","NE","NW","SE","2412","-1597","SE","-99.4424963","39.3282246","Rooks","11/19/1979","11/17/1979","11/21/1979","","OIL","Converted to SWD Well","3452","2026","KB"," "
"1033661909","15-163-19158-0001","STICE","2","MONSANTO OIL CO","B-J Oil Co.","Webster","8","S","19","W","28"," "," ","E2","NW","SE","1880","-1650","SE","-99.4427161","39.3267631","Rooks","","06/28/1979","07/02/1979","09/06/1983","SWD-P&A","Plugged and Abandoned","3456","2024","KB"," "
"1006125596","15-163-21229","VEVERKA 'C'","1","JAY ENERGY DEVELOPMENT CO","Brown, Gene Company","Webster","8","S","19","W","28"," "," ","SE","NE","SW","1650","-2970","SE","-99.4473976","39.3261237","Rooks","01/12/1981","03/29/1981","04/04/1981","08/12/1983","OIL-P&A","Plugged and Abandoned","3473","2031","KB"," "
"1006124972","15-163-20912","VEVERKA 'A'","1","AMERICAN PETROLEUM CO INC","Terrol Energy, Inc.","Webster","8","S","19","W","28"," "," ","SW","NE","SE","1650","-990","SE","-99.4403963","39.3261352","Rooks","04/25/1979","04/26/1979","05/04/1979","11/12/1996","OIL-P&A","Converted to SWD Well","3437","2004","KB"," "
"1002942064","15-163-19053","FRANK ROSTOCIL","5","SKELLY OIL CO","","Webster","9","S","19","W","4"," "," ","SE","SE","NW","2970","-2970","SE","-99.4475491","39.3008495","Rooks","","02/19/1949","03/18/1949","06/28/1961","OIL-P&A","Plugged and Abandoned","3446","2011","DF"," "
"1043234069","15-163-23913","Kay","1","Production Drilling, Inc.","Production Drilling, Inc.","Webster","8","S","19","W","33"," ","SE","NE","SE","NE","-2025","-660","NE","-99.4393359","39.3160435","Rooks","12/14/2010","01/03/2011","01/28/2011","","OIL","Producing","3487","2002","KB","Arbuckle"
"1044832433","15-163-24213","Holmes","2","Meridian Energy Inc.","Meridian Energy Inc.","Webster","9","S","19","W","4"," ","S2","NE","NE","NW","-430","2310","NW","-99.4474229","39.3059664","Rooks","04/28/2014","06/20/2014","09/04/2014","","OIL","Producing","3468","2013","KB","Arbuckle"
"1006125696","15-163-21278","LOWRY","1","FRONTIER OIL","","Webster","8","S","19","W","33"," "," ","NE","SW","NE","3630","-1650","SE","-99.442834","39.317136","Rooks","03/19/1981","03/31/1981","04/16/1981","08/04/1982","OIL-P&A","Plugged and Abandoned","3436","2002","KB","Arbuckle"
"1037039665","15-163-01418-0001","FIDELIS","5","Phillips Petroleum Co.","Phillips Petroleum Co.","Webster","8","S","19","W","33"," "," ","NE","NW","SE","2310","-1650","SE","-99.442838","39.3135106","Rooks","","","","05/15/1990","SWD-P&A","Plugged and Abandoned","3422","1982","KB"," "
"1001291258","15-163-01401","PETERSON","2","Northern Pumping","","Webster","8","S","19","W","22"," "," ","SW","NE","NW","4290","-3630","SE","-99.4306995","39.3478521","Rooks","","07/08/1948","08/03/1948","05/28/1951","OIL-P&A","Plugged and Abandoned","3435","1990","DF"," "
"1044091557","15-163-24027","Amrein","2","Tengasco, Inc.","Tengasco, Inc.","Webster","8","S","19","W","34"," ","S2","SW","NW","SW","1485","330","SW","-99.4358409","39.3112619","Rooks","04/12/2012","04/17/2012","04/23/2012","04/23/2012","D&A","Plugged and Abandoned","3420","1977","KB","Arbuckle"
"1001291353","15-163-01424","VEVERKA","2","PETROLEUM INC","","Webster","8","S","19","W","34"," "," ","NE","SW","NW","3630","-4290","SE","-99.4332896","39.3171387","Rooks","","12/29/1948","01/14/1949","02/28/1951","OIL-P&A","Plugged and Abandoned","3401","1955","KB"," "
"1001291340","15-163-01418","FIDELIS","5","PHILLIPS PETROLEUM CO","Phillips Petroleum Co.","Webster","8","S","19","W","33"," "," ","NE","NW","SE","2310","-1650","SE","-99.442838","39.3135106","Rooks","","09/27/1949","11/02/1949","09/23/1956","OIL-P&A","Plugged and Abandoned","3422","1982","KB"," "
"1002942241","15-163-01416","FIDELIS","3","Phillips Petr Co","Phillips Petroleum Co.","Webster","8","S","19","W","33"," "," ","SW","SE","SE","330","-990","SE","-99.4405108","39.308082","Rooks","","10/13/1948","12/06/1948","07/17/1990","OIL-P&A","Converted to EOR Well","3423","1996","KB"," "
"1006127720","15-163-22383","LOWRY","1","SOUTHERN STATES","Tengasco, Inc.","Webster","8","S","19","W","33"," "," ","SW","NE","NW","-990","1650","NW","-99.4494961","39.3188694","Rooks","05/17/1984","05/29/1984","06/27/1984","03/17/2016","OIL-P&A","Plugged and Abandoned","3530","2036","KB","Arbuckle"
"1001291337","15-163-01415","Fidelis","2","Phillips Petr Co","Phillips Petroleum Co.","Webster","8","S","19","W","33"," "," ","NE","SW","SE","990","-1650","SE","-99.442842","39.3098852","Rooks","","08/20/1948","10/01/1948","11/19/1988","OIL-P&A","Plugged and Abandoned","3436","2002","DF"," "
"1051540306","15-163-24409","J.A. STICE","10","Mai Oil Operations, Inc.","Mai Oil Operations, Inc.","Webster","8","S","19","W","27"," ","SW","SW","NW","SE","1360","-2365","SE","-99.42641","39.3253275","Rooks","02/19/2020","03/03/2020","05/20/2020","","OIL","Producing","3386","1951","KB","Arbuckle"
"1006126314","15-163-21611","WHISMAN","1","CHIEF DRLG","","Webster","8","S","19","W","16"," "," ","S2","SW","SE","330","-1980","SE","-99.4434877","39.3513973","Rooks","03/09/1982","07/14/1982","07/30/1982","07/30/1982","D&A","Plugged and Abandoned","3500","2039","KB"," "
"1006125900","15-163-21386","LOWRY","2","FRONTIER OIL","","Webster","8","S","19","W","33"," "," ","NE","SE","NE","3630","-330","SE","-99.4381675","39.3171551","Rooks","07/30/1981","08/07/1981","08/18/1981","07/07/1982","OIL-P&A","Plugged and Abandoned","3445","1995","KB"," "
"1001291336","15-163-01414","Fidelis","1","Phillips Petr Corp","Phillips Petroleum Co.","Webster","8","S","19","W","33"," "," ","SW","SW","SE","330","-2310","SE","-99.4451772","39.3080629","Rooks","","06/19/1948","08/12/1948","07/18/1990","OIL-P&A","Plugged and Abandoned","3443","2006","DF"," "
"1002941574","15-163-00538","VEVERKA","1","Jones, Shelburne, and Farmer, Inc.","","Webster","8","S","19","W","26"," "," ","NE","NE","SW","2310","-2970","SE","-99.4100707","39.3279101","Rooks","","07/19/1953","07/28/1953","07/29/1953","D&A","Plugged and Abandoned","3548","1976","KB"," "
"1002941056","15-163-00054","FRANK VEVERKA","1","PM Poihamus","","Webster","8","S","19","W","21"," "," ","NW","NW","SW","-2970","330","NW","-99.4541903","39.3422817","Rooks","","10/23/1946","11/12/1946","11/12/1946","D&A","Plugged and Abandoned","3523","2027","KB"," "
"1002942364","15-163-20051","CLELL STICE","1","NATIONAL ASSOCIATED PET","","Webster","8","S","19","W","21"," "," ","SE","NE","NW","4290","-2970","SE","-99.4470312","39.3477998","Rooks","08/16/1967","08/15/1967","08/25/1967","08/25/1967","D&A","Plugged and Abandoned","3518","2035","KB"," "
"1006125268","15-163-21059","Stice","1","Trumart Oil","Production Drilling, Inc.","Webster","8","S","19","W","21"," "," ","SE","NW","NE","4290","-1650","SE","-99.4423626","39.347819","Rooks","04/15/1980","04/29/1980","05/05/1980","04/02/2002","OIL-P&A","Plugged and Abandoned","3450","2011","KB"," "
"1006127872","15-163-22463","J. A. STICE","6","ENERGY RESERVES GROUP","Mai Oil Operations, Inc.","Webster","8","S","19","W","27"," "," ","NW","NW","SE","2310","-2310","SE","-99.42615","39.32794","Rooks","08/20/1984","09/15/1984","10/28/1984","","OIL","Producing","3797","1942","KB","Arbuckle"
"1002942234","15-163-01158","FRANK ROSTOCIL","6","SKELLY OIL CO","","Webster","8","S","19","W","33"," "," ","NE","SE","SW","990","-2970","SE","-99.4475084","39.3098661","Rooks","","03/16/1949","04/14/1949","11/09/1956","OIL-P&A","Plugged and Abandoned","3450","2011","DF"," "
"1001291287","15-163-02412","VEVERKA","1","CAREY E K DRLG CO","","Webster","8","S","19","W","27"," "," ","NW","NE","SE","2310","-990","SE","-99.421518","39.3279289","Rooks","","11/12/1953","11/29/1953","11/29/1953","D&A","Plugged and Abandoned","3397","1939","KB"," "
"1044099705","15-163-24037","Maxine","1","Black Diamond Oil, Inc.","Jaspar Co.","Webster","8","S","19","W","27"," ","N2","NW","NW","NW","-80","330","NW","-99.4351139","39.3358302","Rooks","04/30/2012","05/30/2012","06/03/2012","","OIL","Producing","3432","2000","KB","Arbuckle"
"1033439812","15-163-01005-0001","VEVERKA","2","R.P. NIXON OPERATIONS","R. P. Nixon Operations, Inc","Webster","8","S","19","W","27"," "," ","S2","SW","SW","330","660","SW","-99.4346423","39.3225116","Rooks","07/23/1984","07/23/1984","07/30/1984","01/13/1986","OIL-P&A","Plugged and Abandoned","3409","1974","DF"," "
"1031992303","15-163-04286-0001","VEVERKA","5","R.P. NIXON OPERATIONS","","Webster","8","S","19","W","27"," "," ","NE","SW","SW","990","990","SW","-99.4334354","39.3243224","Rooks","","08/07/1984","01/13/1986","01/31/1986","D&A"," ","3411","1988","GL"," "
"1006129119","15-163-23138","GREEN","1","VIKING RESOURCES, INC.","Viking Resources, Inc","Webster","8","S","19","W","22"," "," ","SE","SW","SW","330","-4290","SE","-99.4330904","39.3369721","Rooks","01/17/1991","01/18/1991","01/23/1991","01/23/1991","D&A","Plugged and Abandoned","3427","1972","KB","Arbuckle"
"1006125464","15-163-21160","STICE","4","John B. Collins","Novy Oil & Gas, Inc.","Webster","8","S","19","W","28"," "," ","SW","NW","SE","1650","-2310","SE","-99.4450638","39.3261275","Rooks","09/30/1980","10/01/1980","10/06/1980","","OIL","Producing","3468","2030","KB"," "
"1001292234","15-163-03030","MCCLELLAN 'B'","1","WESTGATE-GREENLAND OIL CO","","Webster","9","S","19","W","4","C"," ","NW","NW","SE","2310","-2310","SE","-99.4452277","39.2990405","Rooks","","10/19/1948","11/13/1948","08/02/1961","OIL-P&A","Plugged and Abandoned","3412","1982","KB"," "
"1043949947","15-163-23970","Amrein","1","Tengasco, Inc.","Tengasco, Inc.","Webster","8","S","19","W","34"," ","S2","NW","NW","SW","2145","330","SW","-99.4358389","39.3130746","Rooks","07/26/2011","08/23/2011","09/08/2011","01/10/2017","OIL-P&A","Plugged and Abandoned","3490","1967","KB","Arbuckle"
"1006124535","15-163-20695","KELLOGG 'A'","1","SOUTHERN STATES OIL","","Webster","8","S","19","W","22"," "," ","SE","NE","NE","-990","-580","NE","-99.4199129","39.3479278","Rooks","04/11/1977","05/11/1977","05/17/1977","05/17/1977","D&A","Plugged and Abandoned","3405","1947","KB"," "
"1044080379","15-163-24017","Cerrow","4","Tengasco, Inc.","Tengasco, Inc.","Webster","8","S","19","W","33"," "," ","NW","NE","SW","2310","1650","SW","-99.4496053","39.3134829","Rooks","03/16/2012","04/10/2012","04/16/2012","04/16/2012","D&A","Plugged and Abandoned","3512","2017","KB","Arbuckle"
"1002941057","15-163-00055","MABLE MCCAULEY","1","SKELLY OIL CO","","Webster","8","S","19","W","34"," "," ","SE","SW","SE","330","-1650","SE","-99.4240241","39.3080225","Rooks","","04/22/1946","05/09/1946","06/13/1946","OIL-P&A","Plugged and Abandoned","3535","2000","DF"," "
"1001292237","15-163-02864","MCCLELLAN 'B'","3","WESTGATE-GREENLAND OIL CO","","Webster","9","S","19","W","4","C"," ","W2","NE","SE","1980","-990","SE","-99.4405679","39.2981416","Rooks","","03/10/1949","03/30/1949","01/01/1950","D&A","Plugged and Abandoned","3466","2018","DF"," "
"1031992304","15-163-03176-0001","V. VEVERKA","2","AMERICAN PETROLEUM COMPANY INC","","Webster","8","S","19","W","27"," "," ","S2","NW","SW","-3600","660","NW","-99.4345607","39.3261759","Rooks","06/09/1978","07/07/1978","07/07/1978","","OIL","Converted to SWD Well","1350","1992","KB"," "
"1001291278","15-163-02586","STICE","1","J D SIDEY OIL COMPANY","","Webster","8","S","19","W","27"," "," ","SW","NE","NW","4290","-3630","SE","-99.4307896","39.3333817","Rooks","","10/08/1951","10/24/1951","11/16/1951","D&A","Plugged and Abandoned","3437","1988","KB"," "
"1034470580","15-163-01423-0001","ROME","2","Production Drilling, Inc.","Production Drilling, Inc.","Webster","8","S","19","W","34"," ","SW","SW","SW","NW","-2310","330","NW","-99.4358362","39.3152627","Rooks","03/15/2006","05/23/2006","06/30/2006","","OIL","Producing","3337","1960","KB","Arbuckle"
"1026529822","15-163-23341","Heroneme/Hogan","1-9","Murfin Drilling Co., Inc.","Murfin Drilling Co., Inc.","Wildcat","9","S","19","W","9"," "," ","E2","NW","NE","4520","-1770","SE","-99.4433904","39.2904593","Rooks","12/13/2001","12/17/2001","12/22/2001","12/22/2001","D&A","Plugged and Abandoned","3545","2030","KB","Arbuckle, Lansing Kansas City"
"1031992297","15-163-04285-0001","VEVERKA","3","R.P. NIXON OPERATIONS","","Webster","8","S","19","W","27","C"," ","NW","SW","SW","990","330","SW","-99.435769","39.3243261","Rooks","","10/02/1984","10/08/1984","01/01/1986","OIL-P&A"," ","3449","2001","KB","Lansing, Arbuckle"
"1002942299","15-163-01006","VEVERKA","11","Peel-Hardman","","Webster","8","S","19","W","27"," "," ","NW","SW","SW","990","330","SW","-99.435769","39.3243261","Rooks","04/29/1960","04/29/1960","05/06/1960","10/26/1962","OIL-P&A","Plugged and Abandoned","3418","1999","KB"," "
"1002942208","15-163-01143","VEVERKA","5","BIRD & BORING","","Webster","8","S","19","W","28","C"," ","E2","NE","SE","1980","-330","SE","-99.4380425","39.3270454","Rooks","","04/15/1947","04/27/1947","03/02/1962","OIL-P&A","Plugged and Abandoned","3430","2003","GL"," "
"1006128832","15-163-22992","MCCAULEY","1-34","BALCORN OIL CO","Equitable Resources Energy Co.","Webster","8","S","19","W","34"," "," ","SW","NW","NE","4290","-2310","SE","-99.4262769","39.3189115","Rooks","03/15/1988","03/19/1988","03/26/1988","03/26/1988","D&A","Plugged and Abandoned","3456","1980","KB"," "
"1030386964","15-163-01136-0001","CERROW","1","WILLIAMS PAUL H","","Webster","8","S","19","W","34"," "," ","NW","NW","SW","2310","-4950","SE","-99.4356494","39.3135267","Rooks","04/28/1975","06/25/1975","07/23/1975","08/21/1986","OIL-P&A","KCC Fee Fund Plugging","3391","1958","KB"," "
"1033661953","15-163-21466-0002","CERROW","3-WD","FRONTIER OIL CO.","Frontier Oil Company","Webster","8","S","19","W","33"," "," ","SE","SE","SW","330","-2970","SE","-99.4475104","39.3080533","Rooks","10/15/1981","12/04/1981","12/12/1981","01/22/1982","OTHER-P&A","Plugged and Abandoned","680","2014","KB"," "
"1006792442","15-163-03174","GREEN","1","JOHN B HAWLEY JR","","Webster","8","S","19","W","22"," "," ","SW","NW","SW","1650","-4950","SE","-99.4354057","39.3405938","Rooks","","11/17/1948","12/08/1948","04/18/1950","OIL-P&A","Plugged and Abandoned","3458","2006","KB"," "
"1039084056","15-163-23791","Green 'A'","3","Black Diamond Oil, Inc.","Jaspar Co.","Webster","8","S","19","W","27"," "," ","NW","NE","NE","-330","-990","NE","-99.4210169","39.3351707","Rooks","12/29/2008","03/26/2009","08/17/2009","","OIL","Producing","3520","1938","KB","Arbuckle"
"1044065205","15-163-24006","Green 'D'","3","Black Diamond Oil, Inc.","Jaspar Co.","Webster","8","S","19","W","22"," ","E2","NW","SE","SW","990","1750","SW","-99.4301173","39.3387785","Rooks","02/14/2012","02/21/2012","03/12/2012","","OIL","Producing","3430","1987","KB","Arbuckle"
"1043685187","15-163-23949","Green 'D'","1","Black Diamond Oil, Inc.","Jaspar Co.","Webster","8","S","19","W","22"," "," ","SW","SE","SW","330","1650","SW","-99.4304179","39.3367484","Rooks","04/08/2011","04/14/2011","04/27/2011","","OIL","Producing","3600","1966","KB","Arbuckle"
"1001291334","15-163-01422","Lowry","4","WESTGATE-GREENLAND OIL CO","","Webster","8","S","19","W","33"," "," ","SW","SE","NE","2970","-990","SE","-99.4405028","39.3153329","Rooks","","07/24/1950","08/03/1950","04/14/1961","OIL-P&A","Plugged and Abandoned","3426","1992","KB"," "
"1001292236","15-163-03031","MCCLELLAN 'B'","2","WESTGATE-GREENLAND OIL CO","","Webster","9","S","19","W","4","C"," ","E2","NW","SE","1980","-1650","SE","-99.4429007","39.2981378","Rooks","","02/18/1949","03/10/1949","01/06/1954","OIL-P&A","Plugged and Abandoned","3444","2015","KB"," "
"1044947878","15-163-24277","Lowry","2","American Patriot Oil LLC","American Patriot Oil LLC","Webster","8","S","19","W","16"," ","NW","SW","SW","SE","500","-2320","SE","-99.4446856","39.3518583","Rooks","11/24/2014","12/11/2014","12/23/2014","12/23/2014","OIL-P&A","Plugged and Abandoned","3574","2037","KB","Arbuckle"
"1005723370","15-163-02996","Silvers","3","AYLWARD-DERBY OIL","","Webster","8","S","19","W","21"," "," ","SW","NE","NE","4290","-990","SE","-99.4400283","39.3478287","Rooks","","01/08/1952","01/26/1952","05/17/1955","OIL-P&A","Plugged and Abandoned","3450","2013","KB"," "
"1036878518","15-163-30174-0001","JEFFREY","1","RAINS & WILLIAMSON OIL CO., INC.","","Webster","8","S","19","W","27"," "," ","SW","SW","NE","2970","-2310","SE","-99.4261643","39.329749","Rooks","06/16/1967","06/12/1967","06/14/1967","07/31/1967","OIL-P&A","Plugged and Abandoned","3415","1946","KB"," "
"1037038364","15-163-23632","Veverka","1","Tengasco, Inc.","Tengasco, Inc.","Webster","8","S","19","W","28"," "," ","N2","SE","SW","1200","1900","SW","-99.4485721","39.3248858","Rooks","07/27/2007","08/09/2007","08/17/2007","08/17/2007","D&A","Plugged and Abandoned","3497","2041","KB","Lansing, Arbuckle"
"1002942194","15-163-01136","FIDELIS BERENS","1","CONTINENTAL OIL","","Webster","8","S","19","W","34"," "," ","NW","NW","SW","2310","-4950","SE","-99.4356494","39.3135267","Rooks","","12/21/1948","03/30/1949","01/13/1966","OIL-P&A","Plugged and Abandoned","3392","1958","KB"," "
"1002942301","15-163-19150","VEVERKA","2","BIRD-BORING","","Webster","8","S","19","W","27"," "," ","NE","SW","SW","990","-4290","SE","-99.4332282","39.3243221","Rooks","","08/29/1946","09/07/1946","07/11/1962","OIL-P&A","Plugged and Abandoned","3411","1988","GL"," "
"1028142365","15-163-21466-0001","WEBSTER SWD","1","SKELLY OIL CO","Frontier Oil Company","Webster","8","S","19","W","33"," "," ","SE","SE","SW","330","-2970","SE","-99.4475104","39.3080533","Rooks","","01/21/1950","02/05/1950","06/23/1959","SWD-P&A","Plugged and Abandoned","3889","2014","DF"," "
"1033661925","15-163-19163-0001","CERROW","2","PAUL H WILLIAMS","","Webster","8","S","19","W","34"," "," ","SW","NW","NW","4290","-4950","SE","-99.4356093","39.3189646","Rooks","09/02/1983","09/14/1983","09/19/1983","08/25/1986","SWD-P&A","KCC Fee Fund Plugging","1607","1972","KB"," "
"1037039654","15-163-19162","LOWRY","1","AMERADA PETROLEUM CORP","","Webster","8","S","19","W","33"," "," ","N2","NE","NE","4950","-660","SE","-99.4393301","39.3207758","Rooks","","09/10/1946","09/20/1946","09/21/1946","D&A","Plugged and Abandoned","3487","1988","DF"," "
"1001292228","15-163-02893","MCCLELLAN","5","WESTGATE-GREENLAND OIL CO","","Webster","9","S","19","W","4","C"," ","E2","NW","NE","4620","-1650","SE","-99.4428551","39.3053887","Rooks","","12/05/1948","12/16/1948","12/16/1948","D&A","Plugged and Abandoned","3486","1996","DF"," "
"1006123909","15-163-20373","VEVERKA 'A'","2","ABERCROMBIE DRLG","","Webster","8","S","19","W","21"," "," ","NE","NE","SW","2310","-2970","SE","-99.4471","39.3423614","Rooks","05/17/1971","05/16/1971","05/25/1971","02/01/1989","OIL-P&A","Converted to SWD Well","3600","2052","KB"," "
"1006126873","15-163-21929","Kellogg","1","Sabre Expl","Sabre Exploration, LLC","Webster","8","S","19","W","22","C"," ","NW","SW","NE","3630","-2310","SE","-99.4260406","39.3460468","Rooks","12/28/1982","01/17/1983","01/25/1983","01/25/1983","D&A","Plugged and Abandoned","3430","1978","KB"," "
"1042760021","15-163-23888","Zerger","2","Tengasco, Inc.","Trans Pacific Oil Corporation","Webster","8","S","19","W","21"," ","NE","NE","SW","NW","-1510","1000","NW","-99.4518328","39.3463031","Rooks","08/05/2010","08/16/2010","09/07/2010","","OIL","Producing","3528","2020","KB","Arbuckle"
"1006125606","15-163-21234","McClellan","1","LIBERTY ENTERPRISES, INC.","Christa Oil Company","Webster","9","S","19","W","4"," "," ","N2","NW","SE","2080","-1980","SE","-99.4440653","39.2984106","Rooks","01/22/1981","02/13/1981","04/13/1981","03/30/1989","OIL-P&A","Plugged and Abandoned","3485","2001","KB","Arbuckle"
"1006126434","15-163-21678","LOWRY","1","M.W.M. & MONTGOMERY EXPLORATION INC","","Webster","8","S","19","W","27"," "," ","NE","SE","NE","3630","-330","SE","-99.4191424","39.3315505","Rooks","05/05/1982","05/15/1982","01/13/1983","04/18/1983","OIL-P&A","Plugged and Abandoned","3510","1938","KB"," "
"1044058007","15-163-24004","Zerger","3","Tengasco, Inc.","Tengasco, Inc.","Webster","8","S","19","W","21"," "," ","SE","SE","NW","-2310","2310","NW","-99.4471921","39.3441285","Rooks","01/27/2012","02/25/2012","03/05/2012","03/05/2012","D&A","Plugged and Abandoned","3600","2050","KB","Arbuckle"
"1006129243","15-163-23201","Amrein","1","Decab Co","Decab Company","Webster","8","S","19","W","33"," "," ","E2","NW","SE","1980","-1650","SE","-99.442839","39.3126042","Rooks","05/01/1992","05/07/1992","06/08/1992","06/24/1998","OIL-P&A","Plugged and Abandoned","3447","1996","KB","Lansing Kansas City"
"1044832432","15-163-24212","Holmes","3","Meridian Energy Inc.","Meridian Energy Inc.","Webster","9","S","19","W","4"," ","NW","NW","SE","NW","-1550","1550","NW","-99.4501716","39.302879","Rooks","04/28/2014","","","","LOC","Expired Intent to Drill (C-1)","","2015","GL","Arbuckle"
"1043239092","15-163-23915","Stice","7","Novy Oil & Gas, Inc.","Novy Oil & Gas, Inc.","Webster","8","S","19","W","28"," ","NW","SE","NW","SE","1854","-1816","SE","-99.4433466","39.3267098","Rooks","12/23/2010","01/26/2011","02/01/2011","","SWD","Authorized Injection Well","3912","2024","KB"," "
"1044792053","15-163-24194","Veverka 'D'","4","Tengasco, Inc.","Trans Pacific Oil Corporation","Webster","8","S","19","W","21"," ","NE","SE","NW","SE","1885","-1340","SE","-99.4413498","39.3412179","Rooks","03/12/2014","04/23/2014","05/12/2014","","OIL","Producing","3546","2009","KB","Arbuckle"
